ch_1,ch_2,ch_3,ch_4,ch_5,ch_6,ch_7,ch_8,ch_9,ch_10,ch_11,ch_12,ch_13,ch_14,label
0.8352111628439722,2.064623261506826,0.9543135794909477,0.7182231177898019,0.011162105836422284,1.3774175214804423,0.33539095812938463,0.9095146024249858,1.3938509556843701,0.0035356198974882654,1.18489770231024,0.4431747257894241,0.40425382638104757,0.05366824380606067,Dislike
2.0032879248208677,5.152880095274747,2.420317469260603,2.003733826021779,0.04855995768401614,3.6903503210168433,1.1167489135888824,2.226695652040324,4.070462215667647,0.007060172766595076,2.9905821048243384,1.2187414316381227,1.0367969720629393,0.16335423670671326,Dislike
0.25812550128434236,5.322269228420592,2.8252489975386865,3.318517315527981,0.04483486833521412,2.9031174922184184,2.2043297603692777,4.036774208669755,7.4573830384041795,0.00815008062543859,3.4478044987378227,1.9349242240974593,4.198118355003004,0.17730292058197422,Dislike
2.118965730777477,10.455960415744341,3.7470440848433384,4.7752727907217105,0.05904786721671429,16.7060386528648,3.202923320770897,7.104129005314745,11.349888661040552,0.04517223592012254,5.007066503485685,3.1459246116425166,6.265978983893945,1.0098932160269252,Dislike
8.1606052205127,10.334699247040472,2.8257119167649716,8.480798644304025,0.24409936163674967,12.935166061799483,3.467349918687903,12.258205222348941,23.85747035408088,0.13856667314272175,7.71544817555016,2.888743764344348,8.74036872898444,0.8717748988191072,Dislike
11.590772750011725,22.622179882350064,7.665288441176937,10.576213372167098,0.28540728946013094,25.77723994591721,5.8878392275049505,8.64976598063634,17.993562316016508,0.05276175572384708,11.308343708435546,3.5121262696439493,11.289281036482858,1.847172695004355,Dislike
19.221353927745458,30.82143656959312,12.718416939240033,16.74684366580259,0.577542747724929,20.31427199865244,3.4404505601153494,19.577764187194035,32.94340495552347,0.03227093298764798,14.905890867839418,4.778241005106711,10.002589202610482,2.8251531270069243,Dislike
3.5346134296794087,8.587495930939967,5.468198301248762,6.744659266562095,0.14032296341991002,9.51389388172527,2.550988260369732,5.611608184730039,7.2003057828394335,0.13743218756456815,5.448859828188795,4.330759765375813,14.501322019972338,1.7914117060129384,Dislike
2.9272066063551434,12.019171398061918,4.708244187439063,5.826190113886627,0.20721463285196015,9.077410493204512,6.048422693490415,4.771297883248433,2.862022340181159,0.01729945840695391,6.032058423186622,3.426413418369141,12.383289895589481,1.7300319584786605,Dislike
4.294913778608018,5.222339664786518,4.2394879451223,5.059922495051272,0.10288252988751373,7.470614027411863,2.171863858784921,3.6017802045153418,2.376021621398254,0.1012301338217861,1.9696376954574617,1.6846639735591284,9.977269876356962,1.3737833972743507,Dislike
9.637370535757388,15.574614238090383,6.548709452066446,4.77904730920659,0.4000739814552365,17.709860424594147,1.5994671872885329,7.366585140657648,11.266513742779766,0.021121517604062535,6.086734199830141,2.004761838578115,8.45194510933507,1.0621792709606355,Dislike
10.148797677395997,14.783331407059046,6.666791836856042,1.7943598764793272,0.17309651895016448,11.69733571461602,2.151543878985176,10.18744263558065,15.407023354088297,0.10843586158300716,7.682121502664801,1.7014519446479353,2.729788874120892,1.596112089030219,Dislike
3.558653686950975,5.97637697356101,2.617521752603355,5.653160336963707,0.038922909799021625,7.056088523469868,1.776110612152912,3.6215306016223017,3.227727327884243,0.029729162181491433,1.7776601883405805,1.0596220156816236,9.210878378318164,1.038346893836543,Dislike
5.402648313369317,10.696412894222533,3.114550731303221,5.659313688939194,0.10940248469984074,6.57939192747015,2.094609865447719,4.317647670396413,3.1689427783983493,0.08165406870166024,5.774254183806204,3.1250237533205745,4.383002190105278,0.2279295129223658,Dislike
2.771663924271206,1.1758294002395322,0.8782661228852896,4.200655140578015,0.07293374311501959,6.112531031620528,0.7348739633542174,3.075602066630107,4.323506798459574,0.06742404124824823,0.6955353114312641,1.7657437837073329,7.862197648719301,0.3237068201410606,Dislike
3.5146442304379106,7.13067242405074,2.0671476724940256,3.1261659390135113,0.16086844152562677,0.5535580186896951,0.7984802557231211,2.3747536421699373,2.649278410279608,0.14826575154605645,2.9667502002381028,1.3102694241015778,5.49793972949544,0.6823918780763942,Dislike
7.500553138286,10.532211092452485,5.521677530105354,4.035275719951143,0.2807195006224655,7.655186250346239,1.5752321565095941,8.271892871967244,7.220679343138848,0.11427618745072499,8.132000971678208,2.772291285141737,7.216481881035355,0.5512604906157403,Dislike
1.0269849680859506,1.22759058256982,1.9851095900576357,3.2453160010934132,0.08941066535997047,3.0735903572731664,1.1341344240900826,4.43503097667277,3.3298231059126895,0.03489627609610571,2.348318037632091,1.2431063395136024,5.100754594074346,0.2195079047432809,Dislike
3.343518080809093,5.383891603113972,3.392176709969336,2.8018260300698596,0.16957716473950718,3.4951146675047315,0.2963894344808871,3.8793106829860764,3.0080111727631684,0.005249327828999564,4.8721134730790805,1.3859829925010698,9.338139946871026,0.7342617877810695,Dislike
3.6394122558341726,4.15641424769949,2.908044801407747,2.836824486492701,0.29028435984955253,2.810941219523159,1.390895973792718,3.719946374088998,4.456540080959043,0.1183158215324302,3.238122351148499,1.1031238887593353,7.32018209234742,0.24432690006024732,Dislike
2.5345782855865453,3.099251058018556,1.256289863397238,1.7681866063742064,0.2373355863835582,2.662015503730122,1.7085573678167243,2.237458258288435,3.0193000604767657,0.15023781771856473,2.039913893688237,0.793965177240098,6.812244898923077,0.4581970672618929,Dislike
1.2016707248642942,0.48906328810905836,1.5726842956408718,2.9461491854750403,0.14348772504009055,1.7267423627102598,2.034958987730694,2.545291659750595,3.691649900535441,0.01064796136805202,1.979618516291833,0.7189736005752542,5.425192690900048,0.7720893228391874,Dislike
3.56037014846488,4.455011960602775,1.4033312137403475,3.073334523722678,0.06917601292345059,1.536176246510171,1.5943219562126616,1.419441648590378,2.769746203668343,0.04876834731041809,2.0577356874533486,0.9296800209407159,5.46755283118145,0.4908460631134426,Dislike
2.6220853961607333,2.873364331762957,1.484432514745577,1.2739919684354606,0.15423554952721696,2.9934324274621993,2.555781156394047,2.5234584324862737,3.0166961385440625,0.03276663137919209,2.7813005443405134,0.7768268034386046,6.999663784007468,0.635921026834101,Dislike
3.0322382323277624,3.552632799972501,3.1645124208180424,2.4058469106464733,0.18624839023819162,2.7852626466469728,1.2997373480557723,4.767987150725228,5.675408703499455,0.0733517560204996,2.7148099649700623,0.7021914298375825,6.038795904109961,0.7495078104096712,Dislike
1.5892500068425623,1.675220173520875,1.1386971298409314,2.2988942678564923,0.15801389841627406,2.3590582430457996,0.4900464975063293,0.7697507816864171,2.238399370119799,0.024553403385172392,0.8906431434061203,0.14173432702534972,4.652705436623508,0.5756229393592325,Dislike
2.518506618340399,2.31476988994501,1.9466261450833957,0.4849985450349981,0.18238907027190165,2.1889221707815434,0.8037431198957701,0.28816441088825445,2.0571786420416616,0.025583414689202322,2.0586270917565073,0.7404929620649301,4.223630735999902,0.4259975502154594,Dislike
2.0656933398009407,1.2004487458901028,1.4459710299321067,1.0368607900121747,0.19476884655516785,1.9114228960914996,1.2949390669503416,1.0074047317247883,2.070387202813087,0.0037182169897677403,1.1241765997323212,0.9445385873183118,3.2610895678184026,0.06082434492166163,Dislike
1.145323737746348,1.9745945915848409,1.2200818086510237,0.70683614407094,0.137059499516426,1.1960941213217828,0.7046265920781704,1.733907787758652,2.607811843421459,0.08618139585366029,1.2463124590084633,0.1855507949683336,3.2025199752895084,0.5193545957188489,Dislike
1.9847226326697316,2.237389796427816,2.1178999446902766,1.0903543752916107,0.18038120966490426,3.1546699902920596,0.5833879995729929,2.061842588111691,2.627650973482823,0.021372436832880256,1.555148278064364,0.8308386750977385,4.562581904411995,0.14253564621730172,Dislike
2.3058691632852892,3.051145970937727,1.9004535011111034,0.8632819515167566,0.22634298944839434,1.7918704519812634,0.5748894533942396,1.392143938216865,2.5590775158142005,0.08620348748077648,2.2954221161108683,1.1230162885831458,4.084115189632923,0.6145741529779398,Dislike
2.0003460249977403,1.6566289692602594,0.6895339778073801,0.279909471802814,0.10601431788315666,0.7844222868539686,0.8168098156559557,1.5217932620659556,2.0119953366590204,0.08654600661065522,0.7946554929016818,0.22828218444056336,2.860650058100141,0.3135751784032705,Dislike
1.0290186796757421,0.6054385146591829,0.6262997823881095,1.5081724423474179,0.2123341073152325,1.1542123806871494,0.5722601011631059,0.5820217094126708,1.5339601768255768,0.050636883195170505,0.19188881419015955,0.5735511392014271,2.8289241918972428,0.10455770162726834,Dislike
0.9267646363781064,1.1616708038240724,0.9140974992651572,0.20257175433008218,0.07581733990240878,1.1827677683184077,0.9376034756699055,2.017788104423381,1.4655047417926574,0.082924825972203,0.24042338665125768,0.4619565057311608,2.051405802877718,0.5397152481627522,Dislike
1.7141076852864146,2.9814866516494827,1.1103298666290626,0.2516689145026645,0.0742036481294623,4.367406545873076,0.8236709374062461,1.7903309419503342,3.528471173620262,0.07020872795377033,2.112554277238673,0.3854443326705122,3.6371884232032907,0.29230612679425305,Dislike
1.068784916393535,1.0223311103878008,0.4807109876207379,0.6053482175423754,0.16879067415076637,2.808580061888781,1.0638641106032845,1.3173952037648815,2.9670497503149384,0.07502162748137144,0.4028931971392018,0.10617045636747613,3.5356494447678557,0.2513414070665891,Dislike
1.6526464130848906,1.2918837353115598,0.8654278258577228,0.21176659771416045,0.12288746777128132,0.5230029551613017,0.4376616564099931,1.5226086183052565,1.2581009581226041,0.14254260885796288,0.13250625502706478,0.5243421356310388,2.9350214970712125,0.17426418638305974,Dislike
0.9539560602675697,0.745787052791724,0.9984949971111308,1.10222267079794,0.16623698838470136,1.456702134239662,2.104419697766124,2.257099902084056,1.372339368922404,0.12148712331721358,0.9551290259509723,0.7266244830511925,2.0951651758461445,0.25177432700712105,Dislike
1.438276481170846,1.2664149851509205,0.30710635539238135,1.3113885267976604,0.1202550468552181,1.0753881544883048,2.5404045766303858,2.8318939761149604,1.3955754620592253,0.07820582400742296,0.9751113359958786,0.2802768206602736,3.0208487769135197,0.1895737045971268,Dislike
1.3257321355844907,0.8337737846956514,0.6676011430885033,1.2343793115207873,0.2749059344076071,0.37901261340966624,0.968613766895321,2.9184856974224167,3.620273591141196,0.0178770058617692,1.0828743654226294,0.24586267866299125,2.126738851792765,0.3197527381212061,Dislike
1.4885847794231832,1.4496250011135594,0.7011010248039173,0.2930985528307844,0.21391676491463255,2.3786599476288983,0.11705451080210388,1.7712103737959881,3.6965981609537706,0.14729994781399666,1.456800302491746,0.40459797659853886,3.168434460638961,0.4874070193482905,Dislike
0.9622241865262331,0.7582657167249058,0.8371870280140646,0.5937141210458812,0.054506612455527806,0.8954720808345373,1.0494784212029076,0.5492291093531636,0.32080014067584217,0.11149409897882138,0.26837169983067577,0.48480044907490655,2.17129624555041,0.3649667750344323,Dislike
0.9593502742515524,0.6271425732341775,0.6682799479430929,0.5549282966828817,0.37484929216940144,1.425255153541203,0.650352911760385,0.9333475628241777,0.7084972698001467,0.07684265951351041,0.636768710770967,0.31210522267755325,2.435964864038373,0.4526198843369586,Dislike
1.2476056322336482,1.2504732056306962,0.6373197079059053,1.541700773587499,0.2882414251972757,1.712997758584305,0.3446698486105996,2.2747314911385597,1.2845281374044983,0.07522200900483914,0.7330485156570284,0.47459032627246445,2.119470380916462,0.465721639652456,Dislike
1.6049389560194707,1.9000905839605797,1.6426890668303518,1.204340855749777,0.12052081802952533,1.6691207108610289,0.4928777116223108,0.4203683365936702,2.584108371953195,0.04514484822045372,1.6728662416044497,0.7356392242326969,0.8267154500964513,0.4744167893107073,Dislike
1.235503920808611,1.4555188673274955,0.4713152918758294,0.6112770704564779,0.12718013787173643,0.8277563806836687,1.0831112576697985,2.17229549554812,1.750187001210641,0.062067092806460195,1.1775191203622777,0.2204645407138425,2.550732528234858,0.08367719760089795,Dislike
2.604213110417517,2.9931933480442576,2.475497796042805,1.237278595567141,0.2551727329286943,2.6716449005380065,1.2650716202273478,4.554530471513074,2.9084687056648466,0.047807258545964945,1.2971324394733668,0.7477490918944005,3.1855673388055346,0.17043552987632513,Dislike
0.9107246342418278,1.3178599747387405,0.9709079461084756,1.302312067092311,0.049952201246264635,1.7633715986346707,2.050729377375802,1.9747059314141244,1.5154336207790153,0.053231818890575315,1.2292931263534415,0.8221883581774533,1.686534106742656,0.1998412731192839,Dislike
1.4676850424601988,1.2813973415105482,1.781801601088541,2.476104863062132,0.11674897587492748,2.536561254251477,2.3341048365587436,3.4556653864285445,2.0226993553193853,0.09287759829132887,1.3861033391537732,1.1766471621230776,2.0982702551009726,0.6334357500733159,Dislike
1.3297223617510634,1.629549106949655,0.6521703431417264,0.9473438960765804,0.12668393273012238,3.0841755406638547,1.5144782896809679,3.2826053353050506,3.405640223914791,0.15279132826298633,0.764898297114162,0.4190584483746409,0.9185680376064207,0.36762889782852237,Dislike
2.2110155267830325,2.1606122857258816,2.106158816525236,1.1920250239351267,0.17061590877417387,2.670195435256722,0.5392104937613761,3.6401754540403775,3.9822855933068717,0.12490640657417018,1.6848708700920587,0.7461721512868023,2.768791327062566,0.6467172126323721,Dislike
1.8280605684568494,1.6514117021570254,1.5296331301809811,1.9476613347083336,0.09727388295069875,0.6466282625261307,0.3199812579110778,0.9396913643881767,2.9951267672402335,0.05417211905752223,1.6066608860570537,1.2013043547396158,2.3184438436562647,0.26213211563693817,Dislike
0.40846851778634224,0.6153107281930699,0.49214446682277346,0.2383554529894787,0.42535545854099344,1.8935799300146354,1.1937209534155464,1.198197888491517,0.2540199844557039,0.07390631657708757,0.8565978586600692,0.430121950992848,2.93297681588746,0.34053206641328254,Dislike
2.2200990022497624,2.5476284909472744,2.261078746320659,1.9158402653677244,0.3226938788009081,1.26060108078014,0.9170482310024829,2.3802884488623217,1.9487333463637169,0.0235575096762422,2.8534565173491124,1.1785198999160362,0.7305998039578839,0.23791213573689846,Dislike
0.19889262953648754,0.5019891892399514,0.354122504633057,1.5039831465267879,0.02657346413325025,0.36083751907917644,0.5607757241640546,1.9816074767913618,1.798859541222131,0.11773870852737048,0.27624582453345115,0.5173797443009405,1.7225950019754512,0.4455345369449203,Dislike
1.753605827157676,1.422976021882595,1.3335780849417846,1.322815520408081,0.0800479939022641,2.4479924780836675,1.0840558868492167,0.4249545895548794,2.393399684176596,0.11089328529433694,0.8111057205595912,0.45973752745453206,0.9653926259800585,0.2999481128524872,Dislike
1.3486355048418623,0.8643107921631433,1.0671450713509187,0.8421505965968678,0.11879152171866245,1.7857257945114866,1.4916786689733412,2.526269580045659,1.2314332580004281,0.022475338718740138,1.2987309653170807,0.4775962963220136,1.5461410024505804,0.14560396506095388,Dislike
2.1965738684746468,1.886893278402102,1.3990617025832177,0.8461449106708109,0.26007069416123535,1.013919619398973,1.5392534153507988,1.7066289659571647,2.0707546966482435,0.0920075800967486,1.6850316179681357,0.9611303717825908,1.489543515006512,0.21472728519919684,Dislike
0.8006065656073122,0.8794509173169669,0.7042376484185824,1.8083007510735911,0.16929656984765953,1.2305503490854817,0.856033891830501,1.122422849930734,1.0146047771834026,0.07014538355066868,0.8042683526284103,0.6768686983304891,2.514582982727823,0.5982384823767507,Dislike
1.6306575844480005,1.6366478427898468,1.4825691931859581,1.6987620926256801,0.20862415850191932,1.0567782146372013,1.6108205710939143,3.2372349498256847,2.8123942406931377,0.05922696982248053,1.5530577315625156,0.6923847316260993,1.9233638014602457,0.294848765713263,Dislike
0.9000842922885707,1.0595613767534233,0.7747144184461234,0.9367357272070467,0.2459182760233327,0.6131651133549508,0.5580150409063744,1.4266021169088852,2.2674637126008155,0.11743162955570505,0.9560039894674501,0.3815560765196543,0.7515453723521915,0.3067495686884845,Dislike
1.7397866264221264,1.6875162355172078,1.2571995101338127,1.2479518662965765,0.11559246955939859,1.8086318382276412,1.717424502526088,1.6078601517051396,1.198315337040627,0.0035087951782165165,1.7169377335676725,0.5359294308999923,1.5770287320218523,0.3150468244468293,Dislike
0.3787532226707061,1.2322498707808125,0.5056803685962585,0.8641105201714321,0.16944078851283267,0.5169450455675526,0.5842770325487716,1.112546406595861,1.222360280265745,0.15247205165703107,0.5119180594825529,0.03604733567861138,1.6066066670402126,0.22127169746983485,Dislike
0.6867104776083729,0.449021502370198,0.48507104858005456,1.1761753551076557,0.1058345255603531,0.31712186215019483,0.872288824148058,1.9090617571587876,1.767965651578382,0.07140676657005902,0.6974757355681492,0.3082710220747182,0.9788339724754849,0.19428720349381692,Dislike
0.03907745332253994,1.02277932895325,0.27651399392801695,1.5260862201409273,0.17124441410661081,0.3747253926980026,1.4222857120183596,0.551474218388266,2.1970427353174053,0.1004714849246481,0.8875847679045913,0.7596161415121319,1.99122571367292,0.49204576816552353,Dislike
1.5675904017606044,1.5303515609931164,0.7869052669327978,1.223898703839176,0.27604668309098734,0.2633590272689328,0.07363521213247684,2.599872606581012,1.4693383863548755,0.06092173040726244,1.5524269846696048,0.5328915958558152,0.7265896361467075,0.34605601563842314,Dislike
0.9572558485988438,0.9409924753607151,0.6698084505694385,1.0082481037964366,0.33953881543655207,1.0284522111598882,0.3633644434301309,0.8996407115287128,2.050718297169425,0.014289440348248866,0.4191763568757775,0.20527981300434292,1.7416437938265674,0.09879859476676957,Dislike
1.5261222891454465,1.6232910860896177,1.2818024975729212,0.37365311355211095,0.10667742181716355,1.8599879631789835,1.226676169854697,1.4055476912954907,2.0159768464569296,0.05825605454433732,1.4618800794762246,0.6778619182327132,2.9758306166939175,0.3405764548032827,Dislike
1.3954573363378324,1.6166885423006265,0.9720276593481532,1.2250058780914252,0.040324030830958264,0.36471913768456904,0.10074877153123384,0.38067361678189454,0.4315849585120684,0.20354318653448128,1.6477549337441741,0.3196503519167533,2.612742051956306,0.18247888335753457,Dislike
1.1183547592418097,1.3636736764746422,0.8212298691103035,0.8012840527818265,0.09923508594721303,0.8518991655756553,0.20518262999515335,1.0766502992980553,1.295589396253236,0.01420757969445471,0.31985196146292144,0.21829432895966622,0.9805900934040672,0.3456796732818785,Dislike
0.6458176283127476,1.5083312661620163,0.6016622155472198,1.4004988687542765,0.19526388344834952,1.0478529558971321,0.7342348225640198,1.5984335485227112,1.2335049816970225,0.11041134794829739,0.8081710498636625,0.8040800909234754,1.0134359624798623,0.15105308292740935,Dislike
0.7279660465177158,1.2701617327871673,0.680536236281443,0.7571758229983963,0.45065994067279347,2.4304026269359147,1.9427341106359979,3.3937005159731837,2.385829663180461,0.12023654170323038,0.7350281575411307,0.26084542884950623,1.1529334530540767,0.795636189246461,Dislike
0.764272212113122,1.5837479619645645,0.8050130156365188,0.5759256455925458,0.3198547095377199,1.1448801013869196,0.5114087043587757,1.7110208453711344,0.8437798094718717,0.09738681474263426,0.8384344146846311,0.13673185491946477,1.5683151618705886,0.06315003125717492,Dislike
1.123511161987089,1.074282469181003,0.9914549643868096,0.4895725152481771,0.06387995798781904,1.7724692967358675,0.7020855090533846,1.6932988737292456,0.6680847253778976,0.0631575458571098,1.6135591257918933,0.5626633625089216,2.5666179708865395,0.502571650474213,Dislike
0.35367373984512707,0.22657077702736247,0.3491355290684196,1.1458875023713053,0.30903070794328796,1.3386460423117643,0.6940799735335998,1.6785874721493186,0.13772687109305354,0.10960810250072886,0.3060954193544652,0.60192580213546,0.8777954954698043,0.353311657962345,Dislike
1.0722439354785906,1.2924768243716271,0.5434540175112745,0.9010964713360826,0.24018598814431846,0.8999736940291725,0.3248716112946783,0.19506918622531702,0.9655859087292626,0.11408374434227582,0.5111902036318988,0.16404729748313227,0.43922817760195376,0.02810025340534959,Dislike
1.2803390275452016,1.1948986943839692,0.8874837914758382,1.7035719027693281,0.2557695840484356,0.7739915535065002,0.4197613275314464,1.07028626441041,2.274934912814601,0.0634656773172672,1.5702662678485306,0.7254234412553386,1.5003265287494159,0.3420417918649828,Dislike
0.01195515554519928,0.4448708132518237,0.304587357017655,0.9401185194308354,0.014125928620321547,1.0714376426397645,0.7670764533091989,1.361995613668778,0.24480336737377553,0.06327248948130212,0.40017567353925537,0.23098578532626104,1.5752711461425357,0.20727569493051756,Dislike
0.8017242221732395,0.662287745631264,0.6375209378891737,0.6882827000198192,0.21281452024620304,0.49110687378257173,0.5070912354106862,1.4133955556032816,1.1799070422291484,0.05987667208700459,0.48154900361250746,0.08640043909054569,1.8532558437642868,0.4910942078927664,Dislike
0.7022353089595618,0.5895902311882987,0.0837295046057978,0.3537711322562056,0.15289896958091326,2.262483069389294,0.7921604291890189,2.757536648081282,1.780050741509064,0.09290949093991406,0.4503288127791037,0.09790933463011091,1.1649501551836676,0.09251854451234895,Dislike
1.5261278993887584,1.700700664550833,1.0119523995963169,0.5267361778442684,0.1314516041725097,1.4199817190715753,0.6255139274180447,1.3518347708020912,1.7257385817824005,0.06805832573625593,1.3822858108363583,0.5342922960451509,1.4182300605774363,0.29745848433797945,Dislike
1.2575571034610586,1.945924633771733,1.3247790432812212,1.8093160131270145,0.18268284478565386,1.1341931485477235,1.1317206058443379,0.3066318656926858,0.6913757391056251,0.13363998635533475,1.5291131819823327,0.841259311142369,1.4371345257059134,0.1415601603903529,Dislike
0.8721668062981544,0.7090313011871555,0.8435997403425638,1.280332635599108,0.20199509027371765,1.4274860250355568,0.47256246902877563,2.3824847831934632,1.071128873493931,0.09788583506469188,1.0493051891969256,0.8457636976042241,1.458677692770984,0.10868062325410503,Dislike
1.9878076063984689,1.6539637904875377,1.7561909668582794,1.0541604150202921,0.26990979980346297,1.628735058531434,1.3091586892485874,2.306860262229805,2.052588328625895,0.09676286966409382,1.397390733014134,0.8616194802251106,1.4840899149645495,0.06826695605507059,Dislike
1.6717679960639236,1.6881681545314353,1.5012444826127338,1.3404315098615458,0.2176237521638598,0.3501044112087004,1.689698959235365,0.6981306280198571,0.8828176722871094,0.06604105158556252,1.094236113631376,0.5809725655183742,1.7609013229144566,0.1860274339991754,Dislike
0.696327146233688,0.367967202085573,0.38130999868653587,0.45608638999738954,0.2162193004712892,0.8422391715579632,0.8066698251715806,3.037892444234162,1.6373587109194152,0.21654706136735993,0.8007377911926395,0.3394008708793902,1.9909866066895294,0.13796618813184722,Dislike
0.8342910127411558,0.6068192009304173,0.4181163129463613,0.29405256634637017,0.16200180717676493,0.9143715042778235,0.8046857292973808,3.3890944150681204,2.3806281594619585,0.06778278931328993,0.9920085688691083,0.5152976069269065,0.5909145288595624,0.10363209410793334,Dislike
0.5903776459566987,0.9384375141125306,0.47378138603059083,0.7448217912752281,0.056367976484229955,0.4552302193335718,0.893714934711511,2.2403960734263575,1.092905434583317,0.11203906544022814,0.6290207868384069,0.06735508593245718,1.299652724916273,0.10977897246794249,Dislike
0.3799941583879863,0.22297920040171335,0.2636587250366947,0.8007409750101049,0.04964208311745839,1.92199811965485,1.1709895019603895,1.128105464374333,1.5765802487149765,0.0376258959808972,0.7929691600339692,0.5037068456830059,0.9528493536305496,0.14583730928500435,Dislike
1.0512438801209343,0.786531623814729,0.6526506980534413,0.4300819570798216,0.20578173344283587,1.1014465432200249,0.31746223341476876,0.6797931598308187,1.4667306845164436,0.17123320492495497,0.6966617648131824,0.2791440937939118,1.3533740327589971,0.2068978329131042,Dislike
0.8189156747542069,0.9715517143164504,1.0146623666426378,0.36978316145625617,0.047948475364567686,0.29020040303907324,1.0383928088670928,1.6911533763355162,2.100431217196196,0.08750539596615589,1.468587263216048,0.3761734202667044,1.5291987445437467,0.19293714562602193,Dislike
0.7726698339604684,1.0652014316064156,0.5261348146947016,0.9821550673500313,0.2286307767111893,0.7167156183356409,1.598322866324239,1.3514280273490349,0.9614501262824335,0.048896575351051366,1.5817747745497233,0.5922583057791475,1.1752956319891263,0.23101178891567936,Dislike
0.274883046218541,0.46766344778133817,0.21419054588449665,0.8638375711788739,0.16743300421954788,0.41242974797907966,0.4238950242298449,1.076160896389127,1.0924728053924482,0.10350083789539788,0.6121937663740274,0.12636208403854035,0.5860186371806977,0.07959087193730706,Dislike
1.029406549319858,0.8581746402505636,0.6665143403932194,0.40025452056418515,0.0940166839528228,0.5786908345041349,1.1886646156104985,1.939126144337199,1.4120242524063702,0.07404472633411845,0.9413612964127774,0.5773853672364883,1.6635769315126236,0.21082969579910135,Dislike
0.6225536683396877,0.4800367805684177,0.3743197748854437,0.7184446814793709,0.16332032877237798,0.853803497284809,0.9688047251351548,0.9413410664950013,0.8174245287952839,0.05757293832900953,1.0824625091048456,0.30374761851992704,1.1399318409325305,0.2609281243179366,Dislike
0.4767032091924464,0.6283086996302928,0.5233798320691057,0.42636001715190824,0.1434212827986462,0.809071483883168,0.5055249642691624,1.1024347234704917,1.1384528383976558,0.10084504772513336,0.574113661769047,0.32888023744611594,1.4065458557680743,0.07545612666236405,Dislike
1.1123471715600564,1.0573334782636077,0.7083340531554898,0.47397448124180236,0.25608980363193756,0.475870056080365,0.38893368680420953,0.9474145076001472,1.0170948972233722,0.11603165478822423,0.47064289279252686,0.41417690655264333,1.0318515738437517,0.3822735711047483,Dislike
0.8500040396352371,0.8501860591280302,0.6699537976990644,0.7354337006369641,0.17579780014785604,1.5390158785141406,1.7060004406179683,1.5525138376941794,1.1499354487404296,0.06676057607284032,0.6530899690963388,0.07804676264561336,0.3560457588264826,0.16908892165430495,Dislike
0.42713391412495166,0.5000186873345739,0.2501353510337215,0.9700050548361673,0.2733831302817373,0.8978887119077235,0.8633440701227754,1.0462037520377214,0.5526675138009615,0.10345017420700367,0.7349843146786871,0.050042202601577566,0.2934879350752599,0.2728808148555486,Dislike
0.2342851301941876,0.5064388553883065,0.1657288511612483,0.22057081575486287,0.37552908172675253,0.4006305108529101,0.524569054664643,0.8710795793316839,0.4483992001722384,0.1455844051481125,0.39973692420907336,0.4876874317359174,0.7329278418055554,0.16516644757471124,Dislike
0.6793138687453563,1.0094068589688434,0.8373952761382594,0.6029054436608569,0.36505006699555004,0.24766994816309615,0.6154115754990512,0.7771726939840382,0.37730342276446416,0.08169984462990094,0.4160510195676275,0.37486323291732254,1.0133234438884264,0.23861800967395402,Dislike
1.3300377291116536,1.8654468647978164,1.3623287163341284,1.3793087740943442,0.19079317041482632,1.1529063265506418,0.6147008097403235,1.7648819358975067,2.036139669006806,0.053560997945939194,1.5900671730645732,0.6988306645427301,0.6819691481985504,0.43431779099590156,Dislike
0.9549475210575025,1.5276793219577114,0.860404636910341,1.1981533474805834,0.36904856333064,0.15961757982647198,0.10384485077240146,0.518900509150605,0.9760193541600275,0.08998803117115645,0.6649417462689938,0.09219050969113822,0.8793922418713199,0.22386676209384568,Dislike
0.713754988215934,0.6893942756699405,0.5002006483087489,0.7976310169094238,0.17339576173436036,0.6426697608331325,0.6282794489065234,0.5279946417056127,1.248216741032739,0.03762011998913363,1.105358347772519,0.35029630152888525,1.6037371636677549,0.4257932059184136,Dislike
0.8276151795622317,0.7709095303704123,0.24131665749092512,0.571021688902256,0.2969676097921017,1.02076522802098,1.84766192397493,0.6058547545693884,1.6978140626474956,0.15866224356040848,0.7473157947446353,0.378298651608358,1.0151634842057973,0.47072314978697954,Dislike
0.55166035342516,0.5930600353005271,0.5587609935939601,0.7953224448511794,0.25891028580741987,1.5635264184602058,1.232700543578104,2.0009399433526576,0.7237678370469133,0.10695653213103203,1.3097995959985964,0.6582086006199928,0.6806550103857819,0.336555489440961,Dislike
0.6502302359992457,0.8450783882888717,0.4378593880387578,0.24689734709669958,0.16559485286646064,1.251054348019048,0.8421605931178164,2.368605287239515,1.6946877339076134,0.08978451877756348,0.9771240749562242,0.09752716903814104,2.300490461795627,0.3087776009747664,Dislike
0.9532835389060418,0.9210241075838332,0.9769175836356129,0.780353290610065,0.1961307838318226,1.7547889991435932,0.6314593276973405,1.5569454523195199,1.6980476889018603,0.10114901349502468,0.6058328613349709,0.566201058951744,0.5765494726841228,0.46012818835360364,Dislike
0.1380474421285499,0.5643044174285333,0.3235141278070705,0.20019091272120101,0.3798350138749511,1.0463926967112156,1.7613407052521004,1.629632515752108,1.0793764161116934,0.07403194702362757,0.6004474053509719,0.19909516447387265,0.5561921815359689,0.10844665530469454,Dislike
1.0228169234364417,0.8991070599706846,0.5559388718367744,0.3543623980059218,0.0876116701105145,0.6238641815422192,0.8369173769855677,0.8129168634460069,1.138487980749253,0.1743750822548079,1.0650488121095132,0.25122151710926,0.5307761698094865,0.3202666459066688,Dislike
0.8634832476648898,0.46989518394996865,0.8152602709924637,0.27778081727271076,0.15887678861218466,0.5694670005685071,1.2390569877499742,2.322094975543998,1.8271587931071729,0.11725519678204045,1.0040791796556225,0.5872550106847724,0.6772703987443249,0.17831510451719643,Dislike
0.7928023375463762,0.6574602779983872,0.5076965614269101,0.41423638587088035,0.1228204684145863,0.6757261215813674,0.6926212366371686,0.7006330768199466,0.5980597960082096,0.11921844237922506,0.4934242976713995,0.3229828758794634,1.2117141397413869,0.02770976065383089,Dislike
0.8209776266050357,0.6416193720580038,0.5775752260380116,1.0080534300836477,0.22872095296251885,0.7284025597977275,0.4964024281307199,2.194751003735044,0.994867337324346,0.07030955076533422,0.6462837261549846,0.462596704866693,0.7326967879863847,0.4850373739804151,Dislike
1.5171367969469054,2.1056577448679112,1.0775675180287383,1.2072107064244995,0.17080226748679705,0.7263737215347026,0.6230847683146374,1.373871624420397,0.15590489908450195,0.011434132508757903,1.5179047755930108,0.7590357972829549,1.949253571185327,0.1803521219494081,Dislike
1.2702928084202114,1.31644813355169,0.5059426662306186,0.7041348708221715,0.25444733572736783,0.4877466658232211,1.3339310335108876,3.153595557606713,1.2469304098525988,0.12851133993519334,0.7265682915025024,0.29859709813465085,0.7688056671798025,0.22995037521431536,Dislike
0.9489914246298098,0.445280006161935,0.5572531277964315,0.9813031954948551,0.18638006200762308,0.8432868077974348,1.5233562682971078,1.2595030855926577,0.37084723417521565,0.05878223607726548,0.4454555108706394,0.5041694424223602,0.48365360308268324,0.1411965958439653,Dislike
0.253875638790808,0.17621821333819246,0.4237724021081353,0.30472967505776527,0.20617251566397515,0.5493567219459208,1.4984958988566957,1.1634488736752573,0.7641344395097389,0.05460631334975212,0.3473852989302406,0.46939554115442494,0.7897305512547811,0.018420016503077924,Dislike
0.2936756436598758,0.13584054879014087,0.38058155484483663,0.41819221316783844,0.18609797742846068,0.5108064132232614,0.6137355812583192,1.9850636626362836,1.0874872695641107,0.094471687939157,0.8908173665189445,0.35702631864129614,0.9239783440404231,0.34523383722619355,Dislike
0.6817892304057113,0.9019400755230544,0.7615728158212162,0.5366067927252918,0.1534212001080203,1.0772042644228144,0.5670622149734624,0.27043945667562597,1.1658289819014742,0.041637464528563296,0.3506932905590739,0.12637453395668674,0.5588453756505075,0.22123032220694297,Dislike
0.8951916268420533,1.3554796012981913,0.7621874192003633,0.6624699586182851,0.11432752623988822,1.3720940100513157,1.5152875651208304,0.5598888352375988,1.6997711223709133,0.13032858679416795,0.4756939062069315,0.4045996675225093,0.2797465568510945,0.38215266935123693,Dislike
1.074199182246926,0.36620606047218435,0.7349383466367195,0.49731052531168707,0.10701338654914233,0.25428815275495,0.6591678235615942,0.05295013155367583,0.5110481012831859,0.10548430245928217,0.9106490603601118,0.1346279091591582,0.9273304731163996,0.108274330822899,Dislike
0.42775046189469107,1.2240825006390679,0.7291044873572312,0.9365706865725422,0.05642888474517423,0.7746739617869906,0.42838083123247506,0.9334028451083975,0.549810351838001,0.1770009197441808,0.27572527882578507,0.37637564638476434,0.5922990251477902,0.26331549048397296,Dislike
0.07262731502793443,0.22267245165440724,0.48299556623672174,0.39437404111453195,0.10662992574850956,1.24389586961212,0.3855862991205626,1.4451260776898065,0.2950385742842987,0.07620447700468787,0.6348531110571141,0.5589573164267256,0.42608626961464935,0.44098879216220727,Dislike
0.4202930285915268,0.8298502709564971,0.8695325288932692,0.9619514339703725,0.09992639371332142,0.5517899893655855,0.9827922172667305,3.4548759722970117,1.568424428960612,0.060518908304406795,0.5933311960086138,0.6413963879661415,0.49571664480009453,0.1644129084041356,Dislike
0.5305170832108007,0.505883299000533,0.7333783383950434,0.6685568892132733,0.13164127616304175,1.677607314143726,1.2876420322296835,4.417375275950339,2.6481645749794587,0.0375183541954314,1.1580883957248551,0.5944281779798123,1.182636409176462,0.2607862812560368,Dislike
1.1611380417923767,0.9700499466580963,0.9793259978583192,0.39866526718243134,0.23438126640614124,0.7318565613597684,0.9470740784336271,4.271035069190935,2.7904932671061315,0.0676567470604363,0.8148905631561156,0.37573454842912113,0.3832842070810911,0.16912674513717743,Dislike
0.7370592850100917,0.6126139858841667,0.7110223434178885,0.48716774482011943,0.08403792963677924,0.7956587470565413,0.12108239078085196,1.972718655918566,1.1201440477488753,0.05161306893093182,0.7894865550962035,0.01115982115342763,1.1127206537235879,0.08574657549704492,Dislike
0.31690761774972176,0.6028009623189565,0.40635282463259753,0.600148817118209,0.07413881359065562,0.7602045321774162,1.5274459033228438,2.674679530516547,1.621824902379096,0.06545420534839196,0.5958525600659326,0.3961217151918967,1.0721311621476401,0.13488046519184724,Dislike
0.8905794734271112,1.1564078846033394,0.6142125915576689,0.8145372980771701,0.36179124685964836,0.7036754121999903,0.7977245437453826,0.8648844527302126,0.3201274001103247,0.060655298194511875,0.37517067640786456,0.28901750465056547,0.6688092948409519,0.20300533765200118,Dislike
1.1959836408715463,0.7299406074878859,0.9130453313730941,0.3905027923834948,0.09178522292460327,0.8850370117980847,0.26305365573550543,1.984959326912362,1.4187614709484586,0.0495721917262788,1.0746913152583228,0.599018892364015,1.7260822089330814,0.22817159625789818,Dislike
0.477399186093641,0.14075522874491633,0.2423644288900178,0.2439970552639716,0.29815635187529865,0.33578915600666087,1.0204504015765483,1.1498915695942087,1.7303160987721562,0.0357909648945885,0.21556470154935375,0.40784263497087164,1.0197911351253766,0.1524545840210389,Dislike
1.110387811335274,0.7312283635601524,0.5039499421538517,0.7679931408548454,0.10554314803272263,0.698601211394962,1.2718386707580918,1.539514701597632,1.532819876012228,0.0465515667662251,0.9046702738875615,0.44540347042526046,0.63722914450879,0.016218190122570215,Dislike
0.10325343308765546,0.4077039000898724,0.335267355217574,0.5804145808563184,0.25526050016985813,0.752640305477179,0.6248502055963875,1.5257700218157397,0.7613245847972723,0.06967696630951184,1.0288425458044668,0.47998314156985766,1.7113779799578546,0.13108988924975706,Dislike
1.1332135943154342,1.2742532380759408,0.9042105921076931,0.38498733689477327,0.08960758749737747,0.14090814504340038,0.22623687695486583,1.2885135583316478,1.6942677750600605,0.06033996592111872,0.7024683748088286,0.13906472858010666,0.9931274428829839,0.20237778248038796,Dislike
0.6038842962488865,0.5903877546187956,0.36097039302720946,0.5920044676404103,0.18148329928130377,0.637015285780834,0.8020797245878358,0.33985047931720264,0.6309156955902664,0.12519914826972456,1.2957879777450978,0.25627569544039136,0.3348514467615137,0.301020621098136,Dislike
0.36366949932358805,0.7451628757024452,0.1800268750081978,0.24653202009590486,0.2854892192525916,1.1924918881763185,1.224414385048302,1.2307691686738829,1.1840049196940348,0.17766645141234755,1.0115671028014561,0.35620588723297514,0.7004029551438059,0.1359144097177416,Dislike
0.3758661515404056,0.11198539661867656,0.2692119060335729,0.5638220852230638,0.11338503078547861,0.8286933310981663,0.6390681372660391,0.7603472679154946,0.4561607885439178,0.06405767803892425,0.818222694901842,0.433568317198446,0.5202914932603329,0.0735672370061806,Dislike
1.1264768910026037,1.295495794233274,0.8013804485749981,0.7445874389539318,0.22725828744747184,1.1874849409250243,0.5666563689979925,1.5375400053903194,1.1218658019781207,0.09569732785435167,1.5083575271253464,0.5523430389697811,1.568906736305057,0.16013382600900175,Dislike
0.4811039463179282,0.944744857788261,0.5444816187333158,0.39700605046180737,0.2460316075370814,0.45427405583390174,0.5263087615091355,0.748668828033118,0.12105108365222521,0.09857429046351603,0.9007474792468357,0.33393043261062183,1.180128363316741,0.36662082439417476,Dislike
0.6450222318671456,0.47016205213491263,0.49709315033518137,0.7875872029045157,0.1817049481996984,0.18097597150391664,1.512084884093169,2.2739746840519532,1.3080688185552258,0.003852038365614215,0.7161298431610179,0.5247882853294056,1.1598719328874372,0.3034440472607163,Dislike
0.545051068876092,0.5567559174851506,0.24628971651765608,0.30818880389185205,0.08976367454886511,1.0807718878765047,0.9631747512185889,4.292187730453334,1.6966043922504097,0.11287226140268831,0.563295697836957,0.2366644395079301,0.4846462188672893,0.1265700626005727,Dislike
0.7377074940332714,0.8222520583360792,0.55083673750768,1.0628321367151523,0.11761730437145415,0.6644612994623466,0.42832175114477256,1.5184314787321884,1.249983293478332,0.05868397760497412,0.564347246866274,0.08546478743349167,0.5610596062468112,0.149223679834997,Dislike
0.5174222896755168,1.0375212159383604,0.6999947708455834,1.047323134268065,0.24592008645270913,0.9849096601758012,0.3306097763311311,0.910834436609333,0.8088501370986566,0.042430948570571364,0.4360432962278644,0.45445789869588454,0.4415353730986058,0.034604382161667016,Dislike
0.8989869478499817,0.968849089631932,0.4190179799377863,0.06501750718436848,0.20930758092887186,0.08534650171826033,0.375355350361722,0.6402169741423043,1.1575922149851994,0.07108098816820879,0.321198079240515,0.43854295819436684,0.8867427930810347,0.05852755242649744,Dislike
0.2867392555053894,0.27182389301919213,0.5043282428920894,0.49612438746638865,0.44889984263132954,0.2870762423917517,0.8588801060164268,1.2786590036270773,0.574227177622583,0.15229079246448496,0.36515722869412365,0.5565786451532267,1.0754337995071435,0.23168965393223775,Dislike
0.3463921131024796,0.3905072629798758,0.6871857657126026,0.5847455003960209,0.13495934555166,0.38790144712216745,1.0122124555420613,1.4410687664613355,0.7312145990918325,0.1864060562675693,0.855834600712011,0.1865970287840485,1.1924480335814072,0.12103270017966457,Dislike
0.541295224711172,0.4398373855359342,0.5468449182044836,0.6983765141062646,0.06757220993616923,0.08744181010450289,0.5019524096973375,0.42081694182898455,0.7995796469106166,0.0504068618057952,0.145560812052135,0.11034212883756223,0.6065100373826471,0.27371782665407085,Dislike
0.7992097934158292,0.7967505564654449,0.14908922410343736,0.2093476662626671,0.19904021115433218,0.18834218715424625,0.7035819834692794,0.4158065137527371,1.3511878165298845,0.013677953467968528,0.2713278489805206,0.18789210219481525,1.1416540556136654,0.31558783012575764,Dislike
0.46681203566404833,0.3043580093870163,0.5760173719588851,0.3348423433105545,0.043315666041859546,0.24177204195477028,0.7755681576103622,1.59126309909609,0.8930489759457125,0.03569709506928423,0.6179879166857025,0.17240151918870897,0.8498511992174755,0.12079554008594047,Dislike
0.17252548991106498,0.15527445108072635,0.11448986050165362,0.24025203500757683,0.19989734383804955,0.06638448912891075,0.476077167227431,1.886333709534916,1.3063291416689802,0.14752096597868383,0.12864078750276664,0.036576016607822594,0.8805778000433502,0.16756714388331762,Dislike
0.19627814132925006,0.8478413282033729,0.5018371398203649,0.29735361177601904,0.1405999464066356,0.4025486709890764,0.19368359481509415,1.2500344000549446,0.17644642535964408,0.1491034564493676,0.8264857616839735,0.0929930589776991,0.8519122620274916,0.05775762590098192,Dislike
0.36254498793970147,0.28397232524018257,0.16433151561523007,0.3665447439579137,0.13430830764457136,1.0830588258304472,0.998653874883012,3.0392579235698283,1.9097792770980382,0.09892798354748808,0.2008101609770719,0.3702596313911956,0.8094347761852752,0.1943577902105081,Dislike
0.8263672453637777,1.4358108069867022,0.9894518656918518,0.6562112321708243,0.3992676918486789,0.531243770717159,0.8735720005036021,2.088346750165618,1.7737244202587967,0.0700808196285222,0.8138573616701422,0.4044840508262845,1.0678211568768343,0.10978183905397783,Dislike
0.4707879034893448,0.7010184026747328,0.475144625993243,0.4978560206984643,0.36450249656481354,0.6006985818115723,0.48881313134871973,1.055147515962208,0.870467929916744,0.01695176181869857,0.47862221032683344,0.47205094026298744,0.6749747070159435,0.10057197401484712,Dislike
0.3756305584994805,0.6567138292701379,0.5326009186469536,0.8109839813103153,0.17534194581875387,0.2615178364471167,0.312477806977337,1.8984683223283911,1.1049359417932272,0.07866125878256615,0.8075412516997392,0.47577598677228744,0.8896659107920117,0.3525357307251216,Dislike
0.37950260818659526,0.5691202431433164,0.2543079170090376,0.29540274183559656,0.2537431707802997,1.0243462552397309,0.5254739758718804,0.40933045474133845,1.0673272221731471,0.08038301175884238,0.3381751964934809,0.19359919752411467,0.5673824520246182,0.1983310191424215,Dislike
0.24283010307776212,0.5069402242561857,0.20199841633654597,0.17712703628857437,0.017684260785152676,0.17135377976400817,0.17858280796738135,1.0543948549941724,0.5551409245566342,0.05863223740876153,0.4345835816012688,0.25641478902249853,0.9893455980235758,0.16571640901785448,Dislike
0.8132220784987813,0.22460475231738003,0.2990807316948022,0.28508495146187546,0.11131957934093416,0.7266208295812258,0.7240750080401095,0.6026848120943235,1.3307424061721085,0.07643597975983434,0.4460543300123494,0.08698255740658985,0.2586217097223233,0.02509703659185236,Dislike
0.6807390191851157,0.46532753355651807,0.6715660099949531,0.1548120906526966,0.1315362300786539,0.31765600558364454,0.9636535545626199,1.2662862372466674,1.1019130976830538,0.12508830978013705,0.40777111517561576,0.12360411860136944,0.7310030431510621,0.2859842423683922,Dislike
0.9081460057581339,0.2741601522775803,0.24442492670378882,0.4148133042127729,0.07615111094498415,0.08837214469110723,0.43908274862555907,0.9670229077709737,0.7402987646712716,0.061155564602806016,0.3635692769740065,0.15118185370302656,0.7778625351622629,0.2939522467503615,Dislike
0.7504227792165866,0.7183570986953159,0.588592515691359,0.48159317220342024,0.34430021894310264,0.6253735407847473,0.690303878807579,0.20252572884776124,0.6437498142642079,0.033544271826479614,0.5629395550947148,0.34011310666558137,1.0131472642881632,0.11490577361715323,Dislike
0.9799446940879699,0.9598050236551698,0.3631588122471747,0.49112050501593324,0.19606313231828196,0.6180715942227509,0.7493016377629287,1.5781799756137247,1.3775052228034754,0.11967210505182542,0.6629443555286986,0.4394077903483698,0.8041428969391936,0.17182722686095062,Dislike
0.4918353548552588,0.3721762328574712,0.373332570956372,0.6302733674969689,0.1566981194624284,0.24177491546851462,0.3622354084552433,0.4575829865952478,0.8720777264974537,0.0979339192014634,0.29231801122002665,0.2750076709198849,0.6283366037637299,0.2179126158292892,Dislike
0.5139010854836832,0.48823672898108483,0.2907197996725184,0.3917042810918028,0.2817704074792058,0.44947327497505984,0.7189746971187017,1.9516196188728574,0.6872285879824839,0.02881526271994935,0.18869234851435795,0.18099689841722907,0.22395339550870688,0.22164315198683074,Dislike
0.3643910196743745,0.08391323928789457,0.3129765367762379,0.3787910062064621,0.12982753005899486,0.11481225127429168,0.35766059288616925,1.6826009858342406,0.7252524853873322,0.07721993765325248,0.39501145648713504,0.13501421123566165,0.3959063045997046,0.1011807693474694,Dislike
0.6699680682457181,0.7866829918153575,0.32093344733089174,0.2545317122363221,0.030591290213149346,0.6782765911723774,0.5130332747104409,1.2527089714827295,0.9997766717395018,0.045619610764493196,0.367832152595325,0.39925753171652617,0.6700285672819554,0.1362288337638488,Dislike
0.367074229685908,0.4359800691565764,0.18492716782490443,0.6594338334834259,0.1876611029387363,0.2283452298970666,0.7294648195858479,1.3824655474855778,0.8280992155929159,0.05439272220198009,0.6605097283328971,0.1654531149389526,0.4512972848234986,0.2401972038325473,Dislike
0.14588324017479662,0.624097488546511,0.4698151464058268,0.4719040322552246,0.1875356862431375,0.21106235631147732,0.6928644200452633,0.7852050338823487,0.42376520535607215,0.043222292211413604,0.33783264227459286,0.2568649180895161,0.36232313393083565,0.26606407342385907,Dislike
0.06831645584507934,0.2517884112860675,0.27891438398300666,0.09569240912386874,0.11169149403292843,0.4955888559301642,0.22463279317952917,1.3215050712492824,0.999498197729411,0.09419978466966558,0.5131501639432494,0.3102122783596199,0.5156097401260722,0.16719164471935094,Dislike
0.3591657020240663,0.44167479190851106,0.2734908117126055,0.1720124450042134,0.09086631153003263,0.22004796510632801,0.5918013351104902,1.4918062867144972,0.9031930993349743,0.06858195861361449,0.38104835524568514,0.09126721311370811,0.23282367759867362,0.1542398810538562,Dislike
0.2669832339031753,0.4232356323179303,0.24304885790894118,0.19897807885149307,0.13985057464886938,0.36351399156391867,0.6137318956392334,1.3880604088539952,0.8231862666048316,0.0730190771048734,0.39529901653603533,0.2123241996535423,0.4202473233176695,0.2536655590464549,Dislike
0.17317151518516355,0.15032464011329943,0.05947327489105452,0.37946456935970224,0.09341880089835701,0.12722481119735635,0.30757099966992685,0.3930612237685304,0.5586884004411052,0.016801029764428446,0.2822605850182234,0.18818015997454673,0.15693018798633676,0.09103442656785557,Dislike
0.3708346632491032,0.4387349940783754,0.25033015825708155,0.19429985945072303,0.1496318291342452,0.4291798040977508,0.09381396798023704,0.20633796730075107,0.6301025001897009,0.09997589773355596,0.4590174954912204,0.05078284317811543,0.5618527367245139,0.10313883763424649,Dislike
0.4077797318834153,0.4641099766968076,0.3726513529209466,0.13488737992565333,0.13777852192769469,0.22477462965934333,0.08343704510049343,0.9150592524756382,0.7032189908877756,0.07726920170562965,0.4943361280649709,0.21613192008732113,0.25680656177186506,0.14919513453910285,Dislike
0.3330471265985774,0.3488088951821339,0.21859006517192178,0.08306479577033388,0.1596339531137502,0.6317786290144638,0.4281143612034384,1.4195366849698188,0.6627546556486984,0.01746754159672435,0.23544286190490915,0.14670680368915495,0.24765839618180385,0.09650828281071368,Dislike
0.24157941271465613,0.17321896201907325,0.29378925635794206,0.2922008321750647,0.07003517389013121,0.23126646602127957,0.22157107500463613,0.5944279172261947,0.6724474074445785,0.05562155486816636,0.3463053949306784,0.24246263079498012,0.06651556860750844,0.1778553833673102,Dislike
0.21670961665444816,0.1472445784683145,0.12900346081019443,0.273535771398214,0.0736724446669701,0.23077750439499345,0.04193129129304173,1.0115786819373753,1.056132289420342,0.05378889263528154,0.08595720219825506,0.07602556880124495,0.23466919124832983,0.07398060693278323,Dislike
0.24894303128711331,0.29017606624025594,0.2012978527280325,0.1578498766644996,0.0986140048214641,0.1765362112176626,0.44992447357304033,1.3163823583490628,0.32071462278846546,0.023256372317712774,0.2776279869917898,0.08185638841502703,0.32751001186609124,0.06604859042109534,Dislike
0.39782709310330655,0.5839019964123421,0.23478391165205117,0.1695214487401398,0.28453687219919455,0.34642029119560086,0.1608499722976772,0.5555323903378244,0.8958722841286587,0.0343632316491764,0.4910140737888036,0.13092988254621163,0.09332739853459908,0.09601225105665755,Dislike
0.3132627974922141,0.5103845827320819,0.16660197609528768,0.26936305720174464,0.030575597080691203,0.17533324567270045,0.16113739561343626,0.3044871171001659,0.6291647813112834,0.03143230350229281,0.2884091824191326,0.07486129631734538,0.2423190489395823,0.011567026714941964,Dislike
0.0304365339289825,0.0453988288934791,0.008052449234756166,0.20781711162544986,0.04716897389618904,0.2875496766908649,0.1397868493913689,0.7077111139384439,0.6857591380610077,0.015058678175034007,0.1711071150145723,0.10711309767375003,0.031172289116782197,0.05772870883076845,Dislike
0.1389087351691095,0.2811338101357881,0.10355768994571743,0.030484497296060484,0.007582152619953481,0.24117617561575677,0.09631927709502588,0.21636076172181123,0.599352938516512,0.02374439133933672,0.14490572268806035,0.08127624482667445,0.1680156891066253,0.025089454317696887,Dislike
0.17598524624173356,0.21042351621077043,0.12473492788721743,0.008186379158556497,0.019714066578012935,0.13008496926749144,0.09040778061536833,0.2142789556951326,0.4177568625757606,0.013417383854286754,0.20486177423379293,0.06830755251904022,0.2812867363423138,0.08690304130907936,Dislike
0.2602513082110512,0.22134448761889938,0.1196258723856966,0.12485181732604134,0.03718324978818799,0.3025165463987878,0.26026928533280114,0.3752267680664861,0.4067242471174404,0.01546471022394751,0.20416676365583314,0.06331756313896016,0.14952712428963202,0.00921338653060001,Dislike
0.1252344677601904,0.19475844560910255,0.0453789417149552,0.04497264259189226,0.05051548661846691,0.15725475381494344,0.06864588955651435,0.18730159347209524,0.38206681809920934,0.025513869130259697,0.1149671238761944,0.01756457993763014,0.06435123469174235,0.030782691342038024,Dislike
0.17399038525160515,0.1778076282668119,0.08320120485729716,0.042701502336483864,0.04254438812487666,0.12039902223336416,0.09868333804103045,0.395186310262061,0.4366741385412939,0.024156576448976307,0.06898070838309099,0.03224405631542942,0.0877315316925874,0.051395039132905065,Dislike
0.1721279606366737,0.0756638309329434,0.10074000971670162,0.05674413099788674,0.09887518725923183,0.1615642442121433,0.09942456236829773,0.24106548304297212,0.4440362726543733,0.017373927893527232,0.08143116458263573,0.10420040746117051,0.09183895917211149,0.07201243509433004,Dislike
0.16749266703875812,0.18006857235878723,0.08252026971711465,0.095732285860929,0.04029010213388795,0.1156906945229465,0.027371917626519443,0.30414090004644756,0.3915027398551609,0.006840186245900524,0.09571344627939517,0.02905588090041663,0.11423243976281354,0.02566712289449569,Dislike
0.16501396761285794,0.17135533051532834,0.07124622650663803,0.04159782191324343,0.02524948887210935,0.15099509307383485,0.07012219600848961,0.17130336443950073,0.312611253339263,0.017652049437019958,0.13862614131341536,0.034944823148639816,0.10375573975206497,0.0230971638417577,Dislike
0.0878560650391483,0.1482521481612463,0.06393162277274107,0.09580536290958351,0.019839973518761173,0.14566873073335834,0.0933480103717786,0.21967066517017333,0.3758111014260063,0.001368725122284472,0.06676281207445266,0.010865663004897103,0.010006161029461485,0.03351538587353593,Dislike
0.09344033359669783,0.08360268167460722,0.05766358189884853,0.0733415432168291,0.0120541439294987,0.15037285030921485,0.08031772590109124,0.17052653144409458,0.24199710925945528,0.014380496336009383,0.062088879211646186,0.039278609433296426,0.039519639077422015,0.00890308204674353,Dislike
0.08124762167043864,0.08000456725325823,0.05477290060090656,0.05597166498188577,0.009450062450589087,0.12661700656830963,0.031043730811685873,0.17601949283504267,0.27067103365945555,0.012774990957418152,0.057664954033968006,0.03953753176668416,0.03642235858101993,0.009902118750894553,Dislike
0.09750818927594845,0.09885603602815435,0.0523513548102859,0.037493057972375614,0.0072775290888891795,0.1397235655112591,0.11200487300485858,0.23377578343119676,0.2986376653309325,0.005271729518843408,0.07299673146896399,0.027053372844079212,0.06341137280921424,0.02630988708273399,Dislike
0.09946788381663786,0.11599127464204001,0.04747047858449319,0.041223504822605485,0.010321398862346917,0.11596854291696931,0.0530150293637649,0.16291893390657358,0.2608086428627055,0.009876809805436251,0.06999667545916576,0.022794730512763907,0.03735512886342084,0.017940198524738826,Dislike
0.09606251917506642,0.09389992510179657,0.04335959437413473,0.05203332223778716,0.012799794429791402,0.0976204073507994,0.03384598503775515,0.0916710710186581,0.21910753616880377,0.006613216642033621,0.07111535921128141,0.03146098024788616,0.03860979612747358,0.015145316135681281,Dislike
0.07926839473145696,0.08196393451661718,0.04230006818570957,0.04956361143205271,0.004890183995563022,0.10070477264133655,0.05684164582358944,0.11995493440369041,0.2313115525076075,0.006913676532045639,0.06820121777819806,0.014214875328344182,0.04293729662596942,0.011472767084715223,Dislike
0.07824801305550641,0.08262302222195235,0.036484515576114984,0.05539292223133158,0.0005685987631369528,0.09283367179944169,0.0515916187714822,0.12294585705972885,0.21269688510030954,0.009475485518861682,0.06564479942865684,0.027644330653719407,0.040740781548317645,0.008412116786504442,Dislike
0.07379831504540166,0.07359698600937846,0.03510123081511858,0.044289355055866245,0.0044387520530708244,0.08299059184814662,0.04258009762456862,0.11168155652723591,0.1997980412039327,0.005221225253168142,0.058581106585980446,0.02509302139794322,0.03605701256256558,0.009920148834849811,Dislike
0.06697198244806256,0.07305990111006623,0.03316642098360524,0.04323170449878539,0.003421110781687705,0.0814043095486826,0.04582120606527697,0.11026701404664663,0.1889990353028423,0.004618980149413407,0.05725355230637654,0.023158155456517622,0.03325563315954206,0.008413878874802081,Dislike
0.0626476711202408,0.06879577408893323,0.029955458250873097,0.04054996991121548,0.00128019438692769,0.07510577730872366,0.044267387935859624,0.1076273794700924,0.18055999264204026,0.004888071415627877,0.055926591627231265,0.02323471306787148,0.03149041464048505,0.007600247452271697,Dislike
0.05782090370323938,0.06286168570764955,0.029010047064665485,0.03780726086374785,0.001779353582418934,0.06994895461121359,0.043984745810993216,0.10220448978311522,0.1711297623551802,0.0045804139585618854,0.05301876611837255,0.022776294822338092,0.031321764130000616,0.0075183548867632085,Dislike
0.054428334677048544,0.05086496824201507,0.030855918102942373,0.03360220078384653,0.012456182600350791,0.062016392463558945,0.04561933454497459,0.08722782041066612,0.15411851634263452,0.003986597636167007,0.04332738381680889,0.03326980201127521,0.03261839823128219,0.013736475367116537,Dislike
0.0533356546728397,0.07716662960041476,0.021384142758235903,0.034456917671183,0.034785540304471,0.07324908243542429,0.039843406860419144,0.1257887099376622,0.17707731163252965,0.005235925980845642,0.07298332390719167,0.01952509548922343,0.031981872639795454,0.036592798179327146,Dislike
0.04838492611915288,0.06338531432121802,0.024241783278797835,0.03304672490088002,0.023760189461551687,0.06408308491696954,0.03854795116945926,0.10504541568886877,0.15743415829777938,0.0028457633438848133,0.06404040290696043,0.012472236188418176,0.030025040662790225,0.016294316301194673,Dislike
0.04552783160529185,0.05548147747271193,0.02008760200288319,0.031217454752796418,0.018980448073228712,0.05827464419675493,0.03715574253670447,0.09997555289443098,0.1457087641098123,0.003922793508431004,0.0595558375148027,0.016540842220644714,0.0275574716033003,0.01111941196176701,Dislike
0.04072883290664282,0.04799226488294871,0.02115124738480277,0.030434736945673096,0.009867027470649903,0.0539807629904847,0.045067257099447935,0.09562240021877987,0.13683435231994856,0.0012296977435848969,0.05011239560375163,0.014757919596872561,0.03210407131916117,0.012135006255834383,Dislike
0.039531266708485474,0.04310736951495146,0.021458554415240264,0.03187070271022056,0.004897707468003789,0.05122750754102825,0.03960626526680081,0.08480830830787345,0.12414921745728133,0.003357876267220045,0.046655586346547415,0.014933688194241906,0.03298676633160312,0.010144638955744837,Dislike
0.034106098662207006,0.03914587483902216,0.022239750301130252,0.02561036020845036,0.014216610187716716,0.043215986794158834,0.036515152357211984,0.07472275144532647,0.12030314919051023,0.004675859376221376,0.04292798757702371,0.01645546291961662,0.032731372215009706,0.012974568023128031,Dislike
0.03346770183698443,0.03966463161465207,0.017658768933051072,0.027449729571152572,0.008342083269551145,0.04345314417854024,0.038984462249491814,0.07162140223393694,0.1101482709478108,0.002017330389304759,0.044158699585662896,0.020209097945397745,0.028589134716206114,0.00476489295252323,Dislike
0.027593883797872507,0.03468287815673966,0.012856800657510312,0.026478530132442245,0.008391304800413876,0.04007088421965039,0.039835194226028124,0.0857291371987111,0.11077310596823411,0.003675364453303047,0.045855076166363265,0.022312602574295095,0.02346177969653033,0.007298907950184387,Dislike
0.02707701471909375,0.027280788337084562,0.01701063421685414,0.022262263499592438,0.005288175497411801,0.043735805917942204,0.04313491302841204,0.0674852371486851,0.09820044736997546,0.0009058132502547867,0.034130930122450574,0.02068827033972929,0.03359148500431191,0.008594300032212638,Dislike
0.024389507933797048,0.033967851963217055,0.01643627181950065,0.030018214128644746,0.003881257947949791,0.03804930338979385,0.03983271840277139,0.05571104347219424,0.09406285803775871,0.0022933343036192597,0.03900672534639694,0.01949819897674298,0.027922670882252892,0.006858469829153288,Dislike
0.02033220117930137,0.03231877018474114,0.012408459405002334,0.028294706436927324,0.005016580694065941,0.037165042003065966,0.04317306026037913,0.06122068608857499,0.0953495485446229,0.0036244273674693904,0.041322324653296855,0.02203602344177579,0.02709682683885419,0.0039520211725898,Dislike
0.018888118936203218,0.028673909279707567,0.013145492088103325,0.02801658863483077,0.005671991994232274,0.03830054633353916,0.03620026370515346,0.06615873345496368,0.09240954229257028,0.0023981742086431656,0.040747480275007256,0.023493489921402468,0.02144212272386126,0.007982135788515346,Dislike
0.01616124836960226,0.025443283529555508,0.012055093287019786,0.025786456205692018,0.0056139179452709955,0.0394397515238772,0.044289824561507374,0.08144152674710363,0.09724661228012081,0.0021472938163946353,0.038786717542574,0.020987466427748444,0.026671089108642493,0.0047992112979599,Dislike
0.0154797278769052,0.026595311166507388,0.012262433592053963,0.02708939840652597,0.0062645432441857,0.03397418490758414,0.0412402166331192,0.07543608231013155,0.08932708491527705,0.0018015024145709255,0.03916058811292709,0.022965779471938803,0.027172745736031165,0.0034912137645975484,Dislike
0.015066700235554875,0.025354610069183037,0.012919989668356842,0.0252751151033666,0.004968664750970038,0.03459875680139094,0.04183249971716102,0.06007162622539525,0.08546505486976465,0.003817572881892769,0.03900107149254707,0.024396356248926235,0.028007279805570384,0.004279574224182251,Dislike
0.012135418381192566,0.023788688737895445,0.009632127495928003,0.026942340689806478,0.004612686631889091,0.033903631458819306,0.035323922298190646,0.057448430773324004,0.08207067954969655,0.0031788710714903247,0.03670454067406449,0.02350238319460122,0.02674559418889124,0.0038510222261011117,Dislike
0.008561832005203183,0.023587307533565055,0.009195784083721896,0.025465027552878425,0.004577488540962153,0.03342018744756442,0.039188546217519146,0.0611970238193597,0.08460719775389292,0.0022999058411551153,0.036603932140663126,0.023116689515929927,0.02554710832009502,0.0036723455053761333,Dislike
0.012304367439047685,0.02383443060519279,0.008456105255676511,0.025262222531718687,0.004078708212598091,0.032771738372224794,0.03684055205179768,0.06429980325325803,0.08559186772274634,0.001958657349855839,0.038360737310765905,0.023077689977283003,0.023100322963939005,0.004304219503515296,Dislike
0.0069870031350854,0.022728069716363247,0.011466095991831328,0.023975358351393233,0.0045831735152773775,0.03231568828550992,0.03663165099891401,0.060480015412626216,0.08206683419591813,0.002421295448093057,0.03695924952882419,0.021579626053787458,0.02434526372312122,0.003396654449407099,Dislike
0.007787700661218114,0.019757001726211084,0.011137611589506428,0.024204487276865815,0.003649177730546838,0.0327060630096717,0.03525438212011347,0.05701431525844073,0.07811513766619672,0.0026699820590814567,0.03566977108499755,0.022199472105155493,0.024204220698180637,0.004233254276379358,Dislike
0.006342357528619727,0.021667672238444406,0.008357108509750152,0.0233003026393291,0.0040225207482723615,0.03366370375078371,0.037411847148671074,0.05756515152359358,0.07960563654402142,0.001606827378819589,0.03686454399160199,0.022511478622533807,0.02571224081426538,0.003565815144719429,Dislike
0.005104951205790453,0.022494194303438957,0.009355820092514242,0.023792101730047383,0.003368153764669581,0.03387093303430126,0.037129698500639165,0.05685796698988714,0.07976947823563649,0.002186988410664286,0.037064306310184425,0.021977456350085012,0.02490782417732542,0.0031046745067899845,Dislike
0.004085859547729966,0.022117564098831782,0.007458627281064861,0.02361023055299066,0.00406305586855869,0.0332654351503514,0.03705109960271884,0.059952477910242,0.08160485654874805,0.0016879976242411133,0.03735566402000752,0.022738608744887163,0.022942214306678775,0.0038543777740784567,Dislike
0.004572399812282077,0.022386425743028248,0.009036075716945634,0.02326778982800028,0.004293006421594544,0.032816270344949355,0.03693001341123168,0.05858660866779253,0.08007863961695062,0.0023245874402561036,0.03679203658755258,0.022565848161737637,0.023721867122639784,0.0036262670057619025,Dislike
0.0036081356455538397,0.02170913232372616,0.008609540549540926,0.022888450115518266,0.00406007693953894,0.03297117572209018,0.03619123837344732,0.05736470921578227,0.0790886152822556,0.0022702398444529965,0.036050138619815555,0.02185348949119813,0.024601684054128912,0.0032875754420935563,Dislike
0.0024870677115662394,0.022255627732219903,0.008292527782501268,0.023100680255379053,0.003154237096177425,0.03278770799785005,0.037045760921145414,0.059360401315678595,0.08129240150798768,0.0026089780514121923,0.03674031899596313,0.022081809391965943,0.024286547243339368,0.00331890694527822,Dislike
0.0019761839487656904,0.0223419977986418,0.008307506594127686,0.02269135597189194,0.003453493778350638,0.03343126164692126,0.03687845638463754,0.058072200921703156,0.080209426035476,0.0022587020101435674,0.036467977403879075,0.021775463688192574,0.023648622562911528,0.0032033097554774207,Dislike
0.0016929457200163972,0.02230887402760764,0.007776859797116584,0.0224878219534347,0.0034412396952401172,0.03310413793389206,0.03581049491562585,0.059342430884169836,0.08106043596942397,0.0023653863661514674,0.0368509857270631,0.021941928738572963,0.023144962680053168,0.0030273275970546286,Dislike
0.0012236656178975635,0.02223582805069961,0.007870986739633785,0.022416809458939733,0.0035353771312336565,0.033266875467237916,0.03595670483138112,0.05811982566861266,0.08084576785066075,0.0023274200935912283,0.03684487051206756,0.022000559734823847,0.023221300067886096,0.0031761664115771654,Dislike
0.0011479181970769075,0.022454937553980148,0.007812390142266588,0.022282060921233113,0.0033425304232542565,0.0335782420243688,0.036318540788226945,0.058403228071930456,0.08127143783186037,0.002389132745360629,0.03705569085954037,0.0218192663386982,0.02301958115601957,0.0028537767340077336,Dislike
0.000874313285203056,0.022894363448581236,0.007585504280197351,0.022137952765479467,0.0032421301815797584,0.033742256976498075,0.036191565255949375,0.05872917776093087,0.08145999716426054,0.0022392534612455644,0.03689448818398074,0.02192201061312177,0.02283486086601638,0.002994683871662023,Dislike
0.001056334417799714,0.022784411894952894,0.007498466372037154,0.021885762495747137,0.0031562689029077506,0.03379631317801844,0.036212277114127674,0.05871703623129265,0.08163459026923493,0.002304062862221724,0.036927724865819495,0.021871246527331422,0.02293425873071657,0.0029528308008185023,Dislike
0.0010925231989315244,0.022910524797550298,0.007277084529126925,0.02176942094877807,0.0032116608484846374,0.03405396844684178,0.036130826362357815,0.05887749227849027,0.08180016822440149,0.002257061665971977,0.037048284193767794,0.02192606125889979,0.022673449330770395,0.0028876850404803,Dislike
0.0012983370435774371,0.0231400401812559,0.007217789923990505,0.02168975743153793,0.0032612935590740667,0.03415994759247141,0.036164059662871444,0.05888871003200008,0.08194520540188541,0.002318373236351611,0.03703649402589297,0.02177170188161241,0.02265925479950972,0.0028373134590106886,Dislike
0.001462057944436204,0.023245708257317622,0.007070233249470037,0.02148140855793953,0.003217235696868138,0.03432206826157703,0.03612417743271375,0.05879915817303053,0.08211673861152868,0.002275130774108982,0.03705595073349176,0.021772604615285955,0.022515757156884274,0.0028524275500134357,Dislike
0.0016213400696859866,0.023288126426986036,0.007006558033520085,0.021400585395681303,0.0031797018699657197,0.034418217994733234,0.03607020779124078,0.05892162346172911,0.08224439682664886,0.0022771181821442496,0.03705611070036562,0.021753164422135495,0.022393295320708308,0.0027706826540599737,Dislike
0.001774906428392662,0.02335013587382585,0.006898758701162745,0.02133044402048515,0.0031059210425021942,0.03442494198651677,0.03602159219997584,0.05900059952892003,0.08233969984622895,0.002286605726985141,0.03706855331029651,0.021731978047487548,0.022389703548086917,0.002760784508762107,Dislike
0.0018709546879095028,0.023445535598509374,0.0068453405360842665,0.02119761473578709,0.0031384375546990436,0.03451952442389913,0.03598576710783207,0.05895889760772284,0.08246529842203544,0.0022230478036304106,0.03712211548902737,0.02173938793891326,0.022283842446614563,0.0027348311530585494,Dislike
0.0020261211035206513,0.02347124035734319,0.006812447671597208,0.021152855438321395,0.00310282528779054,0.03454966165730121,0.035976011909782585,0.058988244347067786,0.08250991799758872,0.002247285836447752,0.037141902333203865,0.02173597227214296,0.0222262616645872,0.0026979975934881503,Dislike
0.0021228667542629084,0.023526514784704626,0.006751839372054859,0.021106670512582887,0.003065038462398771,0.034646182679169524,0.03597930689958817,0.05900070906881413,0.08261098368028977,0.0022154729417426192,0.03714863360979594,0.021703567791257084,0.022159680056915716,0.002644491000060014,Dislike
0.0022148180936654525,0.02356713593918257,0.006715370879314996,0.02102041392042854,0.003068990003006144,0.03467206538416603,0.03594489828414245,0.0589841359220444,0.08261903790666988,0.0022307279969022713,0.037132409101892964,0.02167350488359937,0.02210699119045409,0.0026434377372477878,Dislike
0.002276946023903438,0.023595012533929424,0.006688706030881146,0.02097990659259825,0.0030393562926571633,0.0346943545458098,0.035931830681756316,0.05898369458291183,0.0826560643871966,0.00222971820678356,0.037144000922685355,0.02167494897236746,0.022070919925221418,0.0026156664185406076,Dislike
0.002349173135459366,0.023633713867840894,0.006648989795154588,0.020925483880680253,0.003024888034803174,0.03472544563786622,0.03591193702998928,0.05896590980939906,0.08266688743752723,0.002220109330422643,0.03713350107810235,0.021660691760273076,0.022034463072875748,0.002597997003079832,Dislike
0.0023999669208366256,0.023640913242815705,0.006621850717875,0.02088550010070213,0.0030134794840322534,0.034739373909927075,0.03589023432233227,0.05895601604571623,0.08266582747374704,0.002215411542536837,0.03712716115371048,0.021654169484590383,0.02200722714122465,0.00258070501988273,Dislike
0.0024429580458807856,0.023659415528751008,0.00660408881382493,0.020858703920100953,0.0029989965056743486,0.034755625750845655,0.03587241514215917,0.05893394685002861,0.08266544539119823,0.0022126641109873686,0.03712158028783929,0.02164610293387399,0.021982974898874106,0.0025697394094034093,Dislike
0.002478046250443292,0.02366710171167916,0.006590725324616527,0.02082857905303721,0.0029872114294285045,0.034761521462644523,0.03585428059898186,0.05891151305406628,0.0826481181856388,0.0022068731949389984,0.037112850828453094,0.021635055863677317,0.021965794471420882,0.0025615248361713703,Dislike
0.0025071234142861444,0.02367403474666055,0.006576405687972755,0.020801892648192506,0.0029762808291717304,0.03476730616759409,0.03583676921618268,0.058894034752231414,0.08263652231881281,0.002204906962499212,0.03710535659423052,0.02162975905560743,0.021945775275184747,0.002551778471600886,Dislike
0.0025306590125145265,0.023676303409189626,0.006564511628538235,0.02078592789466401,0.0029675224064447735,0.034771013043340356,0.035823616366452926,0.05887395700796493,0.0826170174278314,0.0022023148492498943,0.037095508852880585,0.02162312011882144,0.02193530280814602,0.0025434585364891775,Dislike
0.0025475404016777237,0.023676555004461333,0.0065570324473555415,0.02077110172859087,0.0029599147149046755,0.034771364203042485,0.03581188538920404,0.05885419043455099,0.08259857322189326,0.0021997344824001472,0.03708736833290933,0.021618477512273623,0.021924588780556118,0.002536893304087108,Dislike
0.0025617299520369233,0.023676127730928254,0.006551442222167887,0.02075936617088677,0.002953442743264115,0.034770681270129306,0.03580079244640053,0.058837939598636806,0.08258100667030378,0.0021980988947431614,0.037079706748891786,0.021614651136382182,0.02191668898511337,0.0025316838432270566,Dislike
0.0025716228697234282,0.02367528599181038,0.006546973425970676,0.020750819249407398,0.0029482936288947486,0.03476952387038038,0.03579228203362199,0.058823095806012596,0.08256454105239745,0.0021967526969065188,0.037073030376687716,0.02161146386970102,0.021910736306919164,0.002527590250648725,Dislike
0.0025789462459815194,0.023674086656851532,0.006543941489599518,0.02074434221692618,0.002944198903606758,0.03476824667177319,0.035785630037659374,0.05881102428054816,0.08255081593216693,0.0021956566642866025,0.037067639606365665,0.02160914623183597,0.021906554016041333,0.0025244145281225175,Dislike
0.0025838443139777714,0.023672931493188894,0.006541892868669486,0.02073989390598037,0.0029413189818269575,0.03476697059725299,0.035780851310515366,0.05880216705015188,0.08254037326400476,0.002194850720465933,0.03706360087502677,0.021607513826005342,0.021903668738298236,0.0025221785692458075,Dislike
0.002586648729342725,0.023672127107789927,0.006540721885077124,0.020737337768682505,0.002939592035535169,0.034766107495808996,0.035777950104477374,0.058796728964866325,0.08253389178693663,0.0021943666975995724,0.0370611263368479,0.021606523165273568,0.02190200889871893,0.002520860366722997,Dislike
0.0012937808543246332,0.011835921084348833,0.003270171534502153,0.010368249816144481,0.0014695081752855305,0.01738289921621572,0.017888492815796353,0.029397447378113117,0.041265846609205736,0.0010971023189776394,0.018530145469420667,0.010803098380019166,0.010950733566652021,0.0012602108577581227,Dislike
